Date,Home Team,Home Score,Away Team,Away Score
2021-08-27,Butler,32,Adrian,28
2021-08-27,Lutheran South,27,Affton,16
2021-08-27,Diamond,16,Ash Grove,6
2021-08-27,Buffalo,14,Ava,28
2021-08-27,Raytown South,28,Belton,56
2021-08-27,Lincoln College Prep,46,Benton,7
2021-08-27,Lee's Summit North,28,Blue Springs South,10
2021-08-27,Rolla,36,Bolivar,20
2021-08-27,Van-Far with Community,6,Bowling Green,60
2021-08-27,Bayless,8,Brentwood,14
2021-08-27,Trenton,12,Brookfield,18
2021-08-27,Kickapoo,14,Camdenton,22
2021-08-27,Willard,13,Carl Junction,39
2021-08-27,Sikeston,48,Caruthersville,14
2021-08-27,Mt. Vernon,0,Cassville,27
2021-08-27,Parkway North,50,Central (Cape Girardeau),19
2021-08-27,Portageville,8,Central (New Madrid County),46
2021-08-27,Eldon,42,Central (Springfield),14
2021-08-27,Mexico,46,Centralia,20
2021-08-27,Chaffee,20,Crystal City,14
2021-08-27,Sullivan,54,Cuba,6
2021-08-27,Seckman,55,DeSoto with Kingston,0
2021-08-27,Scott City,27,Dexter,6
2021-08-27,Lift for Life Academy Charter,6,Duchesne,14
2021-08-27,Reeds Spring,49,East Newton,20
2021-08-27,Charleston,34,East Prairie,42
2021-08-27,Savannah,6,Excelsior Springs,21
2021-08-27,Mountain Grove,19,Fair Grove,48
2021-08-27,North County,35,Farmington,12
2021-08-27,Sweet Springs with Malta Bend,20,Father Tolton with Calvary Lutheran,35
2021-08-27,Carrollton,0,Fayette,40
2021-08-27,Ste. Genevieve,36,Festus,31
2021-08-27,Central (St. Joseph),21,Fort Osage,61
2021-08-27,Hickman,0,Francis Howell,45
2021-08-27,Oakville,29,Francis Howell North,34
2021-08-27,Francis Howell Central,17,Ft. Zumwalt East,15
2021-08-27,Battle,36,Ft. Zumwalt North,35
2021-08-27,Troy Buchanan,44,Ft. Zumwalt South,7
2021-08-27,Eureka,52,Ft. Zumwalt West,24
2021-08-27,Osage,24,Fulton,19
2021-08-27,North Platte,8,Gallatin,62
2021-08-27,Smithville,42,Grain Valley,3
2021-08-27,Truman,14,Grandview,45
2021-08-27,Principia,6,Grandview (Hillsboro),49
2021-08-27,Thayer,22,Hayti,40
2021-08-27,Hannibal,54,Helias Catholic,20
2021-08-27,Montgomery County,31,Hermann,16
2021-08-27,Northwest (Cedar Hill),0,Hillsboro,49
2021-08-27,Sherwood,0,Holden,50
2021-08-27,Sarcoxie,30,Houston,13
2021-08-27,Roosevelt,6,Jackson,80
2021-08-27,Fredericktown,0,Jefferson (Festus),50
2021-08-27,Chaminade College Prep,34,Jefferson City,20
2021-08-27,Holt,45,Jennings,0
2021-08-27,Doniphan,13,Kelly,28
2021-08-27,Malden,0,Kennett,48
2021-08-27,Macon,42,Kirksville,41
2021-08-27,Westminster Christian Academy,7,Ladue Horton Watkins,52
2021-08-27,Timberland,24,Lafayette (Wildwood),13
2021-08-27,Richmond,40,Lathrop,6
2021-08-27,Hillcrest,6,Lebanon,56
2021-08-27,Oak Park,21,Lee's Summit,42
2021-08-27,Park Hill,7,Lee's Summit West,31
2021-08-27,Hogan Prep Academy Charter,40,Lexington,14
2021-08-27,Blue Springs,42,Liberty,43
2021-08-27,West Platte,42,Lone Jack with Kingsville,27
2021-08-27,North Callaway,40,Louisiana,0
2021-08-27,Stockton,8,Marionville,36
2021-08-27,South Callaway,12,Mark Twain,34
2021-08-27,Chillicothe,27,Marshall,8
2021-08-27,Blair Oaks,40,Maryville,6
2021-08-27,Aurora,22,McDonald County,33
2021-08-27,Lindbergh,33,Mehlville,7
2021-08-27,Princeton with Mercer,6,Mid-Buchanan,49
2021-08-27,Lincoln,28,Midway,0
2021-08-27,Cabool,35,Miller,8
2021-08-27,Sarcoxie,40,Missouri Military Academy,6
2021-08-27,Smith-Cotton,32,Moberly,12
2021-08-27,Hollister,42,Monett,27
2021-08-27,Logan-Rogersville,31,Nevada,52
2021-08-27,Branson,6,Nixa,42
2021-08-27,Raytown,35,North Kansas City,14
2021-08-27,Cameron,34,Northeast (Kansas City),0
2021-08-27,Lawson,0,Oak Grove,49
2021-08-27,Southern Boone,12,Odessa,50
2021-08-27,Normandy Collaborative,0,Orchard Farm,24
2021-08-27,Potosi,34,Owensville,38
2021-08-27,Carthage,49,Ozark,14
2021-08-27,Hallsville,28,Palmyra,7
2021-08-27,Platte County,14,Park Hill South,42
2021-08-27,Marquette,48,Parkway Central,0
2021-08-27,Parkway South,12,Parkway West,56
2021-08-27,St. Pius X (Kansas City),42,Pembroke Hill,7
2021-08-27,Lafayette County,34,Penney,39
2021-08-27,Polo,14,Plattsburg,6
2021-08-27,Boonville,35,Pleasant Hill,43
2021-08-27,Highland,50,Putnam County,14
2021-08-27,Rockhurst,14,Raymore-Peculiar,20
2021-08-27,Neosho,12,Republic,47
2021-08-27,Pattonville,28,Ritenour,25
2021-08-27,Fox,0,Rockwood Summit,32
2021-08-27,Westran,45,Salisbury,12
2021-08-27,Marceline,19,Scotland County,18
2021-08-27,Marshfield,28,Seneca,31
2021-08-27,Valle Catholic,50,Skyline,14
2021-08-27,MICDS,42,SLUH,28
2021-08-27,East Buchanan,42,South Harrison,14
2021-08-27,Milan,20,South Shelby,22
2021-08-27,St. Dominic,63,St. Charles West,21
2021-08-27,Pacific,30,St. Francis Borgia,12
2021-08-27,California,24,St. James,6
2021-08-27,Lutheran North,7,St. Mary's South Side,44
2021-08-27,Monroe City,42,St. Pius X (Festus),14
2021-08-27,Central (Park Hills),40,St. Vincent,0
2021-08-27,Rock Bridge,10,Staley,35
2021-08-27,Liberty (Mountain View),26,Strafford,6
2021-08-27,St. Michael the Archangel,38,Summit Christian Academy,54
2021-08-27,University Academy Charter,36,Tipton,32
2021-08-27,Webster Groves,0,Vashon,42
2021-08-27,Knob Noster,14,Versailles,21
2021-08-27,Capital City,13,Warrensburg,46
2021-08-27,Liberty (Wentzville),28,Warrenton,14
2021-08-27,Cole Camp,6,Warsaw,34
2021-08-27,Union,42,Washington,21
2021-08-27,Parkview,28,Waynesville,49
2021-08-27,Joplin,41,Webb City,40
2021-08-27,Slater,18,Wellington-Napoleon,39
2021-08-27,Winnetonka,19,William Chrisman,37
2021-08-27,Clever,0,Willow Springs,49
2021-08-27,Crest Ridge with Chilhowee,16,Windsor,48
2021-08-27,Herculaneum,12,Windsor (Imperial),15
2021-08-27,Clark County,32,Wright City,20
2021-08-28,Gateway,31,Clayton,14
2021-08-28,El Dorado Springs,16,Forsyth,36
2021-08-28,Hazelwood East,0,Hazelwood Central,48
2021-08-28,University City,40,Hazelwood West,54
2021-08-28,Springfield Catholic,0,Lamar,46
2021-08-28,McCluer North,18,McCluer,60
2021-08-28,St. Charles,6,Priory,41
2021-08-28,East (Kansas City),0,Van Horn,56
2021-09-02,Parkway Central,12,Kirkwood,67
2021-09-02,Webster Groves,14,Parkway South,20
2021-09-03,St. Dominic,63,Affton,18
2021-09-03,Cabool,12,Ash Grove,36
2021-09-03,Monett,18,Aurora,36
2021-09-03,Grandview (Hillsboro),28,Bayless,0
2021-09-03,Raymore-Peculiar,21,Blue Springs,13
2021-09-03,Lee's Summit West,35,Blue Springs South,0
2021-09-03,Parkview,0,Bolivar,35
2021-09-03,Ozark,21,Branson,23
2021-09-03,Marceline,20,Brookfield,0
2021-09-03,Fulton,21,California,47
2021-09-03,Waynesville,7,Camdenton,42
2021-09-03,Lincoln College Prep,60,Cameron,7
2021-09-03,Center,35,Capital City,6
2021-09-03,Sweet Springs with Malta Bend,21,Carrollton,7
2021-09-03,Carl Junction,0,Carthage,28
2021-09-03,MICDS,59,Central (Park Hills),52
2021-09-03,Skyline,52,Central (Springfield),14
2021-09-03,North Kansas City,38,Central (St. Joseph),0
2021-09-03,Lutheran St. Charles,46,Chaminade College Prep,6
2021-09-03,Chaffee,8,Charleston,48
2021-09-03,Kirksville,14,Chillicothe,34
2021-09-03,El Dorado Springs,44,Clever,24
2021-09-03,Lone Jack with Kingsville,14,Cole Camp,42
2021-09-03,Jefferson (Festus),41,Cuba,0
2021-09-03,Pierce City,12,Diamond,21
2021-09-03,Kennett,61,Doniphan,7
2021-09-03,Macon,14,Duchesne,21
2021-09-03,Owensville,41,Eldon,34
2021-09-03,Warrensburg,33,Excelsior Springs,26
2021-09-03,Buffalo,34,Forsyth,27
2021-09-03,Staley,21,Fort Osage,36
2021-09-03,Ritenour,0,Fox,38
2021-09-03,Ft. Zumwalt North,13,Francis Howell,42
2021-09-03,Ft. Zumwalt South,25,Francis Howell Central,21
2021-09-03,Hermann,27,Fredericktown,14
2021-09-03,Centralia,12,Hallsville,46
2021-09-03,Jefferson City,13,Hannibal,40
2021-09-03,Milan,26,Harrisburg,28
2021-09-03,Maryville,20,Harrisonville,28
2021-09-03,Portageville,8,Hayti,54
2021-09-03,Hickman,6,Helias Catholic,41
2021-09-03,Missouri Military Academy,0,Highland,61
2021-09-03,West Plains,69,Hillcrest,7
2021-09-03,Jackson,42,Hillsboro,0
2021-09-03,Boonville,13,Holden,6
2021-09-03,Nevada,54,Hollister,28
2021-09-03,Ft. Zumwalt East,0,Holt,75
2021-09-03,St. James,14,Houston,33
2021-09-03,Nixa,25,Joplin,28
2021-09-03,Malden,6,Kelly,12
2021-09-03,Lebanon,33,Kickapoo,16
2021-09-03,Blair Oaks,62,Knob Noster,16
2021-09-03,Hazelwood West,22,Ladue Horton Watkins,59
2021-09-03,Lafayette County,39,Lawson,0
2021-09-03,Lee's Summit North,36,Lee's Summit,0
2021-09-03,Liberty North,44,Liberty,13
2021-09-03,Fair Grove,33,Liberty (Mountain View),16
2021-09-03,Windsor,42,Lincoln,20
2021-09-03,Lafayette (Wildwood),6,Lindbergh,26
2021-09-03,Seneca,35,Logan-Rogersville,21
2021-09-03,Lift for Life Academy Charter,8,Lutheran North,20
2021-09-03,Principia,18,Lutheran South,47
2021-09-03,Willow Springs,0,Marionville,38
2021-09-03,Eureka,21,Marquette,14
2021-09-03,Cassville,0,Marshfield,35
2021-09-03,Southern Boone,7,Mexico,32
2021-09-03,Louisiana,13,Montgomery County,41
2021-09-03,East Newton,21,Mt. Vernon,14
2021-09-03,Webb City,49,Neosho,20
2021-09-03,South Callaway,6,North Callaway,26
2021-09-03,Francis Howell North,13,North County,53
2021-09-03,Van Horn,13,Northeast (Kansas City),0
2021-09-03,Mehlville,26,Northwest (Cedar Hill),46
2021-09-03,Grain Valley,35,Oak Park,14
2021-09-03,Seckman,49,Oakville,15
2021-09-03,Jennings,24,Orchard Farm,13
2021-09-03,Moberly,13,Osage,25
2021-09-03,Washington,42,Pacific,38
2021-09-03,Bowling Green,45,Palmyra,0
2021-09-03,Grandview,0,Park Hill South,40
2021-09-03,McCluer North,20,Parkway North,81
2021-09-03,East (Kansas City),0,Pembroke Hill,41
2021-09-03,Gallatin,0,Penney,28
2021-09-03,Windsor (Imperial),20,Perryville,28
2021-09-03,Kearney,3,Platte County,35
2021-09-03,University Academy Charter,42,Plattsburg,22
2021-09-03,Benton,19,Pleasant Hill,50
2021-09-03,Slater,6,Polo,18
2021-09-03,DeSoto with Kingston,0,Poplar Bluff,55
2021-09-03,Farmington,23,Potosi,18
2021-09-03,Midway,34,Princeton with Mercer,16
2021-09-03,Father Tolton with Calvary Lutheran,13,Putnam County,22
2021-09-03,Raytown,48,Raytown South,6
2021-09-03,Lamar,54,Reeds Spring,13
2021-09-03,Oak Grove,6,Richmond,52
2021-09-03,Smith-Cotton,0,Rock Bridge,50
2021-09-03,Park Hill,24,Rockhurst,23
2021-09-03,Parkway West,7,Rockwood Summit,44
2021-09-03,Glendale,30,Rolla,26
2021-09-03,Belton,51,Ruskin,14
2021-09-03,St. Clair,19,Salem,12
2021-09-03,Lathrop,0,Savannah,6
2021-09-03,Fayette,34,Scotland County,31
2021-09-03,St. Vincent,28,Scott City,26
2021-09-03,Butler,47,Sherwood,0
2021-09-03,Dexter,9,Sikeston,11
2021-09-03,William Chrisman,0,Smithville,58
2021-09-03,McDonald County,45,Springfield Catholic,6
2021-09-03,St. Michael the Archangel,10,St. Pius X (Kansas City),56
2021-09-03,Valle Catholic,46,Ste. Genevieve,0
2021-09-03,Miller,6,Stockton,51
2021-09-03,Festus,26,Sullivan,12
2021-09-03,Liberty (Wentzville),12,Timberland,61
2021-09-03,East Buchanan,42,Trenton,7
2021-09-03,Warrenton,12,Troy Buchanan,72
2021-09-03,St. Francis Borgia,0,Union,47
2021-09-03,Versailles,14,Warsaw,42
2021-09-03,Crest Ridge with Chilhowee,14,Wellington-Napoleon,20
2021-09-03,South Harrison,6,West Platte,44
2021-09-03,South Shelby,30,Westran,40
2021-09-03,Republic,45,Willard,21
2021-09-03,Truman,7,Winnetonka,45
2021-09-04,Priory,35,Clark County,6
2021-09-04,Pattonville,13,Hazelwood Central,41
2021-09-04,Riverview Gardens,0,Hazelwood East,54
2021-09-04,Brentwood,20,John Burroughs,61
2021-09-04,Mark Twain,36,Lexington,6
2021-09-04,St. Charles,14,University City,42
2021-09-04,Wright City,48,Van-Far with Community,32
2021-09-04,Vianney,7,Vashon,36
2021-09-04,Clayton,0,Westminster Christian Academy,42
2021-09-09,Normandy Collaborative,54,Affton,36
2021-09-09,Hillcrest,0,Glendale,74
2021-09-09,University City,6,Jennings,28
2021-09-09,Riverview Gardens,12,Parkway West,81
2021-09-09,William Chrisman,21,Washington,28
2021-09-10,Logan-Rogersville,14,Aurora,40
2021-09-10,Helias Catholic,35,Battle,22
2021-09-10,Central (St. Joseph),22,Belton,52
2021-09-10,Lafayette (St. Joseph),28,Benton,14
2021-09-10,California,35,Blair Oaks,61
2021-09-10,Bayless,6,Brentwood,36
2021-09-10,El Dorado Springs,12,Buffalo,53
2021-09-10,St. Francis Borgia,0,Cardinal Ritter,50
2021-09-10,Branson,7,Carl Junction,33
2021-09-10,Lone Jack with Kingsville,15,Carrollton,12
2021-09-10,Doniphan,40,Caruthersville,20
2021-09-10,Nevada,46,Cassville,20
2021-09-10,Oak Grove,40,Center,62
2021-09-10,Hillsboro,41,Central (Cape Girardeau),0
2021-09-10,Perryville,0,Central (Park Hills),76
2021-09-10,Brookfield,12,Centralia,30
2021-09-10,Kelly,31,Chaffee,0
2021-09-10,Maryville,36,Chillicothe,25
2021-09-10,De Smet Jesuit,29,Christian Brothers College,44
2021-09-10,Highland,36,Clark County,0
2021-09-10,Cole Camp,21,Crest Ridge with Chilhowee,8
2021-09-10,Owensville,53,Cuba,8
2021-09-10,North County,43,DeSoto with Kingston,0
2021-09-10,Central (New Madrid County),56,Dexter,41
2021-09-10,Lathrop,19,East Buchanan,28
2021-09-10,Osage,48,Eldon,54
2021-09-10,Hazelwood Central,25,Eureka,20
2021-09-10,Windsor (Imperial),14,Festus,62
2021-09-10,Clever,0,Forsyth,56
2021-09-10,Francis Howell Central,28,Francis Howell North,21
2021-09-10,Potosi,61,Fredericktown,20
2021-09-10,Holt,56,Ft. Zumwalt South,7
2021-09-10,Hannibal,56,Ft. Zumwalt West,35
2021-09-10,South Harrison,18,Gallatin,20
2021-09-10,Park Hill South,38,Grain Valley,28
2021-09-10,Platte County,24,Grandview,7
2021-09-10,St. Pius X (Festus),22,Grandview (Hillsboro),12
2021-09-10,Versailles,30,Hallsville,67
2021-09-10,Salisbury,16,Harrisburg,54
2021-09-10,Pleasant Hill,49,Harrisonville,42
2021-09-10,Scott City,13,Hayti,56
2021-09-10,Ritenour,21,Hazelwood West,28
2021-09-10,St. James,14,Hermann,16
2021-09-10,Capital City,7,Hickman,26
2021-09-10,Salem,13,Houston,20
2021-09-10,Herculaneum,14,Jefferson (Festus),48
2021-09-10,Rock Bridge,49,Jefferson City,34
2021-09-10,Smithville,35,Kearney,0
2021-09-10,Adrian,38,Knob Noster,8
2021-09-10,Lindbergh,13,Ladue Horton Watkins,19
2021-09-10,Fox,12,Lafayette (Wildwood),23
2021-09-10,McDonald County,7,Lamar,31
2021-09-10,Bolivar,15,Lebanon,27
2021-09-10,Liberty,7,Lee's Summit North,28
2021-09-10,Lee's Summit,21,Lee's Summit West,40
2021-09-10,Troy Buchanan,49,Liberty (Wentzville),14
2021-09-10,Priory,42,Lutheran South,14
2021-09-10,Duchesne,19,Lutheran St. Charles,56
2021-09-10,Palmyra,40,Macon,21
2021-09-10,Charleston,14,Malden,49
2021-09-10,Parkway North,6,Marquette,35
2021-09-10,Springfield Catholic,7,Marshfield,41
2021-09-10,Parkway South,14,Mehlville,35
2021-09-10,Orchard Farm,6,Mexico,42
2021-09-10,Lawson,0,Mid-Buchanan,36
2021-09-10,Warsaw,39,Midway,0
2021-09-10,Putnam County,6,Milan,49
2021-09-10,Strafford,48,Miller,8
2021-09-10,Father Tolton with Calvary Lutheran,38,Missouri Military Academy,0
2021-09-10,Excelsior Springs,34,Moberly,14
2021-09-10,East Newton,0,Monett,14
2021-09-10,South Shelby,8,Monroe City,48
2021-09-10,Bowling Green,51,Montgomery County,7
2021-09-10,Ava,35,Mountain Grove,19
2021-09-10,Carthage,71,Neosho,14
2021-09-10,Willard,14,Nixa,49
2021-09-10,Fort Osage,13,North Kansas City,28
2021-09-10,Joplin,42,Ozark,7
2021-09-10,St. Clair,47,Pacific,52
2021-09-10,Blue Springs South,21,Park Hill,45
2021-09-10,Camdenton,45,Parkview,8
2021-09-10,Rockwood Summit,43,Parkway Central,0
2021-09-10,Kirkwood,48,Pattonville,0
2021-09-10,North Platte,0,Penney,49
2021-09-10,Sarcoxie,50,Pierce City,20
2021-09-10,West Platte,35,Plattsburg,16
2021-09-10,Jackson,50,Poplar Bluff,32
2021-09-10,East Prairie,24,Portageville,30
2021-09-10,Liberty North,42,Raymore-Peculiar,14
2021-09-10,Mt. Vernon,0,Reeds Spring,42
2021-09-10,Sweet Springs with Malta Bend,45,Sarcoxie,6
2021-09-10,Kirksville,34,Savannah,28
2021-09-10,Northwest (Cedar Hill),21,Seckman,41
2021-09-10,Hollister,42,Seneca,27
2021-09-10,Lafayette County,52,Sherwood,6
2021-09-10,Farmington,31,Sikeston,14
2021-09-10,Fair Grove,34,Skyline,33
2021-09-10,Fayette,56,Slater,26
2021-09-10,Chaminade College Prep,26,SLUH,35
2021-09-10,Warrensburg,35,Smith-Cotton,10
2021-09-10,Louisiana,12,South Callaway,34
2021-09-10,Boonville,40,Southern Boone,14
2021-09-10,Ft. Zumwalt East,26,St. Charles West,27
2021-09-10,St. Charles,6,St. Dominic,44
2021-09-10,Cameron,0,St. Pius X (Kansas City),48
2021-09-10,Valle Catholic,56,St. Vincent,14
2021-09-10,Blue Springs,39,Staley,7
2021-09-10,Kennett,40,Ste. Genevieve,38
2021-09-10,Ash Grove,36,Stockton,44
2021-09-10,Union,41,Sullivan,6
2021-09-10,Liberty (Mountain View),28,Thayer,42
2021-09-10,Ft. Zumwalt North,40,Timberland,41
2021-09-10,Lincoln,32,Tipton,23
2021-09-10,Princeton with Mercer,28,Trenton,57
2021-09-10,Oak Park,48,Truman,13
2021-09-10,Winnetonka,35,Van Horn,33
2021-09-10,Mark Twain,54,Van-Far with Community,14
2021-09-10,Kickapoo,39,Waynesville,35
2021-09-10,Republic,20,Webb City,56
2021-09-10,Oakville,14,Webster Groves,10
2021-09-10,Rolla,0,West Plains,41
2021-09-10,Marionville,24,Westran,0
2021-09-10,Cabool,15,Willow Springs,13
2021-09-11,Northeast (Kansas City),32,Central (Kansas City),28
2021-09-11,Roosevelt,14,Gateway,36
2021-09-11,Summit Christian Academy,33,Hogan Prep Academy Charter,8
2021-09-11,Lift for Life Academy Charter,38,John Burroughs,20
2021-09-11,Clayton,14,McCluer,54
2021-09-11,Hazelwood East,20,McCluer North,14
2021-09-11,Westminster Christian Academy,14,MICDS,49
2021-09-11,Marshall,0,Odessa,49
2021-09-11,Windsor,44,University Academy Charter,14
2021-09-14,East (Kansas City),0,Lincoln College Prep,64
2021-09-16,Lift for Life Academy Charter,32,Jennings,6
2021-09-17,Hickman,22,Battle,35
2021-09-17,Rockhurst,21,Blue Springs South,7
2021-09-17,Glendale,41,Bolivar,27
2021-09-17,Blair Oaks,35,Boonville,41
2021-09-17,Neosho,28,Branson,58
2021-09-17,Orchard Farm,25,Brentwood,24
2021-09-17,Pleasant Hill,35,Buffalo,36
2021-09-17,Houston,26,Cabool,27
2021-09-17,West Plains,53,Camdenton,21
2021-09-17,Chillicothe,48,Cameron,7
2021-09-17,Rock Bridge,43,Capital City,14
2021-09-17,Webb City,14,Carthage,42
2021-09-17,Logan-Rogersville,28,Cassville,13
2021-09-17,Cuba,0,Central (Park Hills),70
2021-09-17,Monroe City,44,Centralia,6
2021-09-17,Vianney,6,Christian Brothers College,63
2021-09-17,Strafford,69,Clever,6
2021-09-17,Butler,44,Cole Camp,14
2021-09-17,Holden,18,Crest Ridge with Chilhowee,0
2021-09-17,Louisiana,48,Crystal City,28
2021-09-17,Chaminade College Prep,7,De Smet Jesuit,33
2021-09-17,Festus,62,DeSoto with Kingston,6
2021-09-17,Central (New Madrid County),44,Doniphan,6
2021-09-17,Penney,12,East Buchanan,22
2021-09-17,Seneca,35,East Newton,7
2021-09-17,Dexter,45,East Prairie,0
2021-09-17,Adrian,21,El Dorado Springs,20
2021-09-17,Lafayette (Wildwood),14,Eureka,35
2021-09-17,Forsyth,13,Fair Grove,63
2021-09-17,Ritenour,6,Farmington,48
2021-09-17,Van Horn,20,Fort Osage,58
2021-09-17,Pattonville,27,Fox,20
2021-09-17,Ft. Zumwalt West,14,Francis Howell,51
2021-09-17,Francis Howell North,27,Ft. Zumwalt East,32
2021-09-17,Truman,13,Grain Valley,48
2021-09-17,Winnetonka,24,Grandview,20
2021-09-17,Eldon,20,Hallsville,34
2021-09-17,Fulton,12,Hannibal,62
2021-09-17,Oakville,55,Hazelwood West,26
2021-09-17,St. Vincent,49,Herculaneum,0
2021-09-17,Macon,32,Highland,30
2021-09-17,Marshfield,27,Hollister,37
2021-09-17,Timberland,20,Holt,27
2021-09-17,Central (Cape Girardeau),0,Jackson,48
2021-09-17,Carl Junction,6,Joplin,44
2021-09-17,Charleston,20,Kelly,27
2021-09-17,Caruthersville,6,Kennett,61
2021-09-17,Parkview,0,Kickapoo,40
2021-09-17,Moberly,22,Kirksville,63
2021-09-17,Kirkwood,34,Ladue Horton Watkins,18
2021-09-17,Savannah,49,Lafayette (St. Joseph),56
2021-09-17,Summit Christian Academy,21,Lafayette County,35
2021-09-17,West Platte,39,Lawson,0
2021-09-17,Raymore-Peculiar,14,Lee's Summit North,41
2021-09-17,Liberty,28,Lee's Summit West,20
2021-09-17,Ava,59,Liberty (Mountain View),24
2021-09-17,Ft. Zumwalt South,31,Liberty (Wentzville),20
2021-09-17,Scotland County,12,Lincoln,34
2021-09-17,Webster Groves,7,Lindbergh,47
2021-09-17,Wellington-Napoleon,41,Lone Jack with Kingsville,0
2021-09-17,John Burroughs,35,Lutheran South,0
2021-09-17,Hermann,0,Lutheran St. Charles,50
2021-09-17,Chaffee,6,Malden,54
2021-09-17,Fayette,0,Marceline,37
2021-09-17,Central (Springfield),0,Marionville,48
2021-09-17,Missouri Military Academy,6,Mark Twain,56
2021-09-17,Mexico,43,Marshall,16
2021-09-17,St. Pius X (Kansas City),14,Maryville,13
2021-09-17,Monett,14,McDonald County,31
2021-09-17,McCluer North,28,Mehlville,47
2021-09-17,Lathrop,7,Mid-Buchanan,48
2021-09-17,Windsor,49,Midway,8
2021-09-17,Diamond,35,Miller,12
2021-09-17,Aurora,26,Mt. Vernon,7
2021-09-17,Lamar,48,Nevada,22
2021-09-17,Van-Far with Community,0,North Callaway,56
2021-09-17,Hillsboro,42,North County,7
2021-09-17,Platte County,29,North Kansas City,0
2021-09-17,Plattsburg,22,North Platte,16
2021-09-17,Marquette,38,Northwest (Cedar Hill),2
2021-09-17,Odessa,29,Oak Grove,21
2021-09-17,Belton,49,Oak Park,28
2021-09-17,California,36,Osage,34
2021-09-17,Brookfield,6,Palmyra,23
2021-09-17,Blue Springs,0,Park Hill,50
2021-09-17,Riverview Gardens,0,Parkway North,59
2021-09-17,Parkway Central,0,Parkway West,48
2021-09-17,Fredericktown,14,Perryville,21
2021-09-17,Ash Grove,44,Pierce City,0
2021-09-17,Gallatin,12,Polo,13
2021-09-17,Sikeston,22,Poplar Bluff,47
2021-09-17,Ste. Genevieve,41,Potosi,21
2021-09-17,Milan,46,Princeton with Mercer,14
2021-09-17,Nixa,21,Republic,10
2021-09-17,Pembroke Hill,8,Richmond,52
2021-09-17,Hillcrest,6,Rolla,56
2021-09-17,Kearney,35,Ruskin,0
2021-09-17,Thayer,47,Salem,6
2021-09-17,Stockton,20,Sarcoxie,28
2021-09-17,Portageville,16,Scott City,30
2021-09-17,Skyline,48,Slater,16
2021-09-17,Normandy Collaborative,12,SLUH,63
2021-09-17,Jefferson City,49,Smith-Cotton,0
2021-09-17,Raytown South,14,Smithville,51
2021-09-17,Montgomery County,28,South Callaway,41
2021-09-17,Clark County,20,South Shelby,35
2021-09-17,Versailles,20,Southern Boone,24
2021-09-17,Reeds Spring,62,Springfield Catholic,28
2021-09-17,Warrenton,42,St. Charles,8
2021-09-17,Sullivan,8,St. Clair,14
2021-09-17,Valle Catholic,42,St. Dominic,7
2021-09-17,St. Mary's South Side,42,St. Francis Borgia,0
2021-09-17,Owensville,60,St. James,11
2021-09-17,Tipton,6,St. Michael the Archangel,41
2021-09-17,Jefferson (Festus),20,St. Pius X (Festus),24
2021-09-17,Putnam County,0,Trenton,26
2021-09-17,Pacific,22,Union,49
2021-09-17,Harrisonville,36,Warrensburg,27
2021-09-17,Sherwood,12,Warsaw,48
2021-09-17,Ft. Zumwalt North,56,Washington,7
2021-09-17,Lebanon,58,Waynesville,20
2021-09-17,Harrisburg,44,Westran,14
2021-09-17,Ozark,52,Willard,0
2021-09-17,Park Hill South,44,William Chrisman,21
2021-09-17,Mountain Grove,37,Willow Springs,7
2021-09-18,Vashon,49,Carnahan,12
2021-09-18,Benton,35,Central (Kansas City),8
2021-09-18,Troy Buchanan,62,Francis Howell Central,14
2021-09-18,Sarcoxie,0,Grandview (Hillsboro),62
2021-09-18,Seckman,13,Hazelwood Central,46
2021-09-18,Rockwood Summit,37,Hazelwood East,8
2021-09-18,Cardinal Ritter,20,Lincoln College Prep,28
2021-09-18,Windsor (Imperial),18,Northeast (Kansas City),6
2021-09-18,MICDS,42,Priory,7
2021-09-18,McCluer,80,University City,38
2021-09-18,Lutheran North,52,Westminster Christian Academy,7
2021-09-20,Affton,12,Clayton,33
2021-09-23,Van Horn,13,Lincoln College Prep,41
2021-09-23,Hollister,26,Reeds Spring,20
2021-09-24,Warsaw,37,Adrian,13
2021-09-24,Miller,6,Ash Grove,39
2021-09-24,Springfield Catholic,6,Aurora,58
2021-09-24,Salem,6,Ava,45
2021-09-24,Poplar Bluff,26,Battle,22
2021-09-24,Fort Osage,31,Belton,3
2021-09-24,Liberty North,42,Blue Springs,7
2021-09-24,Camdenton,49,Bolivar,42
2021-09-24,Carthage,42,Branson,14
2021-09-24,Lift for Life Academy Charter,38,Brentwood,6
2021-09-24,Macon,28,Brookfield,32
2021-09-24,Sherwood,6,Buffalo,60
2021-09-24,Boonville,32,California,8
2021-09-24,St. Dominic,21,Cardinal Ritter,42
2021-09-24,Webb City,42,Carl Junction,6
2021-09-24,Farmington,21,Central (Cape Girardeau),0
2021-09-24,Caruthersville,19,Central (New Madrid County),52
2021-09-24,Lafayette (St. Joseph),56,Central (St. Joseph),63
2021-09-24,Hayti,72,Chaffee,6
2021-09-24,St. Pius X (Kansas City),40,Chillicothe,0
2021-09-24,Centralia,20,Clark County,0
2021-09-24,Kelly,35,Crystal City,20
2021-09-24,Dexter,35,Doniphan,0
2021-09-24,Marshfield,28,East Newton,15
2021-09-24,Summit Christian Academy,41,El Dorado Springs,0
2021-09-24,Southern Boone,58,Eldon,50
2021-09-24,Grandview (Hillsboro),27,Father Tolton with Calvary Lutheran,28
2021-09-24,Westran,23,Fayette,44
2021-09-24,Liberty (Wentzville),28,Francis Howell North,6
2021-09-24,Ste. Genevieve,55,Fredericktown,33
2021-09-24,Ft. Zumwalt East,20,Ft. Zumwalt North,62
2021-09-24,Lebanon,31,Glendale,28
2021-09-24,Excelsior Springs,35,Harrisonville,26
2021-09-24,St. Pius X (Festus),36,Herculaneum,8
2021-09-24,Owensville,35,Hermann,36
2021-09-24,Smith-Cotton,6,Hickman,16
2021-09-24,South Shelby,8,Highland,24
2021-09-24,Waynesville,45,Hillcrest,26
2021-09-24,Festus,29,Hillsboro,34
2021-09-24,Lexington,8,Holden,22
2021-09-24,Ft. Zumwalt West,21,Holt,57
2021-09-24,Sikeston,7,Jackson,50
2021-09-24,Bayless,20,Jefferson (Festus),61
2021-09-24,Capital City,7,Jefferson City,42
2021-09-24,Willard,7,Joplin,56
2021-09-24,Grain Valley,14,Kearney,7
2021-09-24,East Prairie,6,Kennett,45
2021-09-24,Marshall,0,Kirksville,14
2021-09-24,Hazelwood Central,49,Kirkwood,28
2021-09-24,Carrollton,6,Knob Noster,44
2021-09-24,Hazelwood West,0,Lafayette (Wildwood),41
2021-09-24,Cassville,3,Lamar,35
2021-09-24,Penney,33,Lathrop,6
2021-09-24,Park Hill,30,Lee's Summit,23
2021-09-24,Blue Springs South,13,Liberty,28
2021-09-24,Willow Springs,7,Liberty (Mountain View),50
2021-09-24,Butler,41,Lincoln,16
2021-09-24,Van Horn,13,Lincoln College Prep,35
2021-09-24,Fox,20,Lindbergh,21
2021-09-24,Mt. Vernon,15,Logan-Rogersville,42
2021-09-24,Tipton,41,Lone Jack with Kingsville,7
2021-09-24,Lutheran South,0,Lutheran North,58
2021-09-24,Diamond,0,Marionville,44
2021-09-24,Bowling Green,28,Mark Twain,14
2021-09-24,Pattonville,7,Marquette,42
2021-09-24,Cameron,0,Maryville,52
2021-09-24,Hannibal,48,Mexico,21
2021-09-24,North Platte,6,Mid-Buchanan,62
2021-09-24,Crest Ridge with Chilhowee,14,Midway,18
2021-09-24,Trenton,18,Milan,14
2021-09-24,Fulton,22,Moberly,32
2021-09-24,Nevada,54,Monett,14
2021-09-24,Palmyra,13,Monroe City,18
2021-09-24,Cabool,6,Mountain Grove,49
2021-09-24,Parkway South,0,Oakville,14
2021-09-24,Pleasant Hill,24,Odessa,27
2021-09-24,Hallsville,28,Osage,0
2021-09-24,Republic,48,Ozark,28
2021-09-24,Sullivan,55,Pacific,26
2021-09-24,Oak Park,7,Park Hill South,31
2021-09-24,Rolla,35,Parkview,8
2021-09-24,Hazelwood East,34,Parkway Central,14
2021-09-24,Eureka,38,Parkway West,21
2021-09-24,University Academy Charter,26,Pembroke Hill,62
2021-09-24,Clever,20,Pierce City,55
2021-09-24,Smithville,20,Platte County,10
2021-09-24,Lawson,36,Plattsburg,26
2021-09-24,South Harrison,32,Polo,22
2021-09-24,Charleston,6,Portageville,40
2021-09-24,Central (Park Hills),64,Potosi,7
2021-09-24,Princeton with Mercer,14,Putnam County,20
2021-09-24,Lee's Summit West,14,Raymore-Peculiar,17
2021-09-24,Grandview,35,Raytown South,20
2021-09-24,Lafayette County,35,Richmond,26
2021-09-24,Helias Catholic,34,Rock Bridge,13
2021-09-24,Parkway North,7,Rockwood Summit,34
2021-09-24,Hogan Prep Academy Charter,35,Sarcoxie,21
2021-09-24,Central (Springfield),27,Sarcoxie,8
2021-09-24,Benton,0,Savannah,27
2021-09-24,Salisbury,14,Scotland County,52
2021-09-24,Malden,14,Scott City,35
2021-09-24,Mehlville,20,Seckman,54
2021-09-24,McDonald County,35,Seneca,7
2021-09-24,Forsyth,26,Skyline,42
2021-09-24,Christian Brothers College,59,SLUH,27
2021-09-24,Duchesne,41,St. Charles,0
2021-09-24,Warrenton,28,St. Charles West,14
2021-09-24,Cuba,26,St. James,49
2021-09-24,Lutheran St. Charles,12,St. Mary's South Side,53
2021-09-24,Perryville,0,St. Vincent,36
2021-09-24,North Kansas City,10,Staley,8
2021-09-24,Fair Grove,56,Stockton,28
2021-09-24,North Callaway,14,Strafford,48
2021-09-24,Harrisburg,20,Sweet Springs with Malta Bend,16
2021-09-24,Houston,14,Thayer,40
2021-09-24,Francis Howell Central,20,Timberland,48
2021-09-24,Francis Howell,41,Troy Buchanan,38
2021-09-24,William Chrisman,50,Truman,0
2021-09-24,St. Clair,0,Union,35
2021-09-24,St. Francis Borgia,0,Valle Catholic,42
2021-09-24,Louisiana,41,Van-Far with Community,6
2021-09-24,Blair Oaks,52,Versailles,17
2021-09-24,De Smet Jesuit,49,Vianney,0
2021-09-24,Ft. Zumwalt South,38,Washington,35
2021-09-24,Northwest (Cedar Hill),14,Webster Groves,0
2021-09-24,Cole Camp,14,Wellington-Napoleon,9
2021-09-24,Kickapoo,10,West Plains,40
2021-09-24,East Buchanan,21,West Platte,20
2021-09-24,South Callaway,7,Windsor,46
2021-09-24,DeSoto with Kingston,16,Windsor (Imperial),24
2021-09-24,Ruskin,13,Winnetonka,26
2021-09-24,Montgomery County,42,Wright City,26
2021-09-25,St. Michael the Archangel,45,Central (Kansas City),8
2021-09-25,Principia,36,Clayton,44
2021-09-25,Carnahan,24,Gateway,14
2021-09-25,Affton,0,McCluer,64
2021-09-25,John Burroughs,0,MICDS,35
2021-09-25,Nixa,54,Neosho,20
2021-09-25,University City,18,Normandy Collaborative,10
2021-09-25,Westminster Christian Academy,22,Priory,36
2021-09-25,Ladue Horton Watkins,35,Ritenour,0
2021-09-25,Vashon,48,Roosevelt,6
2021-10-01,Vashon,49,Affton,0
2021-10-01,St. Vincent,59,Bayless,0
2021-10-01,Raytown,43,Belton,13
2021-10-01,Maryville,47,Benton,12
2021-10-01,Eldon,36,Blair Oaks,71
2021-10-01,Lee's Summit North,35,Blue Springs,0
2021-10-01,Raymore-Peculiar,36,Blue Springs South,24
2021-10-01,Osage,28,Boonville,58
2021-10-01,North Callaway,6,Bowling Green,56
2021-10-01,Monroe City,6,Brookfield,14
2021-10-01,Buffalo,16,Butler,29
2021-10-01,Thayer,33,Cabool,20
2021-10-01,Versailles,40,California,43
2021-10-01,Hillcrest,9,Camdenton,54
2021-10-01,Savannah,51,Cameron,23
2021-10-01,Neosho,7,Carl Junction,49
2021-10-01,Richmond,54,Carrollton,7
2021-10-01,Willard,7,Carthage,42
2021-10-01,Monett,20,Cassville,21
2021-10-01,Kennett,29,Central (New Madrid County),34
2021-10-01,Highland,6,Centralia,40
2021-10-01,Vianney,14,Chaminade College Prep,72
2021-10-01,Hayti,44,Charleston,6
2021-10-01,Lafayette (St. Joseph),35,Chillicothe,34
2021-10-01,Adrian,21,Crest Ridge with Chilhowee,14
2021-10-01,Sherwood,8,Crystal City,22
2021-10-01,Fredericktown,28,DeSoto with Kingston,7
2021-10-01,Caruthersville,0,Dexter,26
2021-10-01,St. Francis Borgia,14,Duchesne,37
2021-10-01,Plattsburg,20,East Buchanan,44
2021-10-01,Warsaw,50,El Dorado Springs,20
2021-10-01,Ritenour,13,Eureka,50
2021-10-01,Strafford,20,Fair Grove,58
2021-10-01,Poplar Bluff,42,Farmington,49
2021-10-01,Stockton,22,Forsyth,30
2021-10-01,Mehlville,6,Fox,21
2021-10-01,Holt,42,Francis Howell,32
2021-10-01,Ft. Zumwalt North,62,Francis Howell North,14
2021-10-01,Ft. Zumwalt East,26,Ft. Zumwalt South,35
2021-10-01,Francis Howell Central,7,Ft. Zumwalt West,63
2021-10-01,Mexico,35,Fulton,14
2021-10-01,Milan,6,Gallatin,40
2021-10-01,McCluer,52,Gateway,14
2021-10-01,Fort Osage,9,Grain Valley,8
2021-10-01,Herculaneum,14,Grandview (Hillsboro),35
2021-10-01,Kirksville,0,Hannibal,41
2021-10-01,Sarcoxie,6,Harrisburg,46
2021-10-01,Capital City,0,Helias Catholic,31
2021-10-01,Windsor (Imperial),0,Hillsboro,53
2021-10-01,Ava,42,Houston,7
2021-10-01,Cardinal Ritter,8,Jackson,42
2021-10-01,Hickman,31,Jefferson City,66
2021-10-01,Scott City,42,Kelly,13
2021-10-01,Rolla,6,Kickapoo,27
2021-10-01,Marquette,25,Lafayette (Wildwood),6
2021-10-01,Holden,0,Lafayette County,39
2021-10-01,Mt. Vernon,7,Lamar,63
2021-10-01,West Plains,34,Lebanon,44
2021-10-01,North Kansas City,20,Lee's Summit,21
2021-10-01,Knob Noster,8,Lexington,22
2021-10-01,Rock Bridge,30,Liberty,59
2021-10-01,Washington,29,Liberty (Wentzville),14
2021-10-01,Park Hill,3,Liberty North,42
2021-10-01,Midway,45,Lone Jack with Kingsville,0
2021-10-01,Missouri Military Academy,0,Louisiana,65
2021-10-01,MICDS,57,Lutheran North,37
2021-10-01,South Shelby,26,Macon,42
2021-10-01,East Prairie,6,Malden,44
2021-10-01,Northeast (Kansas City),16,Marceline,35
2021-10-01,Moberly,20,Marshall,6
2021-10-01,Reeds Spring,28,Marshfield,50
2021-10-01,East Newton,13,McDonald County,35
2021-10-01,Liberty (Mountain View),16,Mountain Grove,36
2021-10-01,Seneca,35,Nevada,52
2021-10-01,Ozark,21,Nixa,35
2021-10-01,Festus,35,North County,41
2021-10-01,Lawson,50,North Platte,6
2021-10-01,Lindbergh,35,Northwest (Cedar Hill),7
2021-10-01,Pleasant Hill,27,Oak Grove,34
2021-10-01,Central (St. Joseph),21,Oak Park,48
2021-10-01,Rockwood Summit,37,Oakville,2
2021-10-01,St. Charles West,38,Orchard Farm,28
2021-10-01,Pacific,42,Owensville,57
2021-10-01,Clark County,0,Palmyra,41
2021-10-01,Staley,7,Park Hill South,22
2021-10-01,Glendale,34,Parkview,6
2021-10-01,Hazelwood East,50,Parkway North,56
2021-10-01,Parkway South,6,Pattonville,28
2021-10-01,Lincoln College Prep,45,Pembroke Hill,7
2021-10-01,Mid-Buchanan,21,Penney,19
2021-10-01,Potosi,28,Perryville,0
2021-10-01,Marionville,50,Pierce City,14
2021-10-01,Chaffee,0,Portageville,56
2021-10-01,Brentwood,48,Principia,0
2021-10-01,William Chrisman,40,Raytown South,6
2021-10-01,Joplin,45,Republic,14
2021-10-01,Lee's Summit West,10,Rockhurst,21
2021-10-01,Platte County,62,Ruskin,0
2021-10-01,Willow Springs,12,Salem,30
2021-10-01,Father Tolton with Calvary Lutheran,28,Salisbury,22
2021-10-01,Miller,8,Sarcoxie,49
2021-10-01,Ladue Horton Watkins,35,Seckman,27
2021-10-01,Central (Cape Girardeau),14,Sikeston,12
2021-10-01,Clever,7,Skyline,54
2021-10-01,Lincoln,52,Slater,34
2021-10-01,Lift for Life Academy Charter,20,SLUH,48
2021-10-01,Battle,56,Smith-Cotton,6
2021-10-01,Grandview,12,Smithville,44
2021-10-01,Putnam County,14,South Harrison,28
2021-10-01,Hallsville,46,Southern Boone,6
2021-10-01,Logan-Rogersville,35,Springfield Catholic,7
2021-10-01,St. James,8,St. Clair,22
2021-10-01,St. Dominic,14,St. Mary's South Side,41
2021-10-01,Doniphan,13,St. Pius X (Festus),37
2021-10-01,Central (Park Hills),28,Ste. Genevieve,14
2021-10-01,Hermann,7,Sullivan,32
2021-10-01,Cuba,22,Sweet Springs with Malta Bend,48
2021-10-01,Cole Camp,46,Tipton,7
2021-10-01,Polo,30,Trenton,20
2021-10-01,Jefferson (Festus),0,Valle Catholic,56
2021-10-01,Truman,6,Van Horn,49
2021-10-01,South Callaway,35,Van-Far with Community,0
2021-10-01,Odessa,40,Warrensburg,0
2021-10-01,Union,48,Warrenton,6
2021-10-01,Bolivar,24,Waynesville,20
2021-10-01,Branson,0,Webb City,38
2021-10-01,Lathrop,7,West Platte,14
2021-10-01,Scotland County,12,Westran,22
2021-10-01,Wellington-Napoleon,13,Windsor,48
2021-10-01,Kearney,42,Winnetonka,14
2021-10-01,Mark Twain,52,Wright City,7
2021-10-02,Harrisonville,6,Center,56
2021-10-02,East (Kansas City),7,Central (Kansas City),33
2021-10-02,St. Michael the Archangel,47,Diamond,8
2021-10-02,Hazelwood Central,35,Hazelwood West,0
2021-10-02,Normandy Collaborative,8,Jennings,48
2021-10-02,Priory,21,John Burroughs,20
2021-10-02,Parkway West,63,McCluer North,6
2021-10-02,Parkway Central,54,Riverview Gardens,14
2021-10-02,De Smet Jesuit,65,Roosevelt,0
2021-10-02,Timberland,35,Troy Buchanan,49
2021-10-02,Summit Christian Academy,51,University Academy Charter,50
2021-10-02,Clayton,6,University City,56
2021-10-02,Lutheran South,0,Westminster Christian Academy,35
2021-10-03,Aurora,42,Hollister,31
2021-10-08,Lone Jack with Kingsville,0,Adrian,54
2021-10-08,Marshfield,19,Aurora,30
2021-10-08,Thayer,13,Ava,35
2021-10-08,Herculaneum,60,Bayless,30
2021-10-08,St. Pius X (Kansas City),63,Benton,7
2021-10-08,Versailles,17,Boonville,47
2021-10-08,Fair Grove,59,Buffalo,31
2021-10-08,Liberty (Mountain View),42,Cabool,28
2021-10-08,Smith-Cotton,6,Capital City,46
2021-10-08,Poplar Bluff,28,Central (Cape Girardeau),12
2021-10-08,Valle Catholic,64,Central (New Madrid County),22
2021-10-08,Fredericktown,0,Central (Park Hills),61
2021-10-08,Missouri Military Academy,0,Central (Springfield),49
2021-10-08,Lee's Summit,56,Central (St. Joseph),14
2021-10-08,Scott City,55,Chaffee,0
2021-10-08,Christian Brothers College,48,Chaminade College Prep,14
2021-10-08,Brookfield,40,Clark County,8
2021-10-08,Ash Grove,35,Clever,0
2021-10-08,Windsor,50,Cole Camp,0
2021-10-08,St. Michael the Archangel,69,Crest Ridge with Chilhowee,34
2021-10-08,Principia,8,Crystal City,50
2021-10-08,South Callaway,36,Cuba,22
2021-10-08,Rockhurst,14,De Smet Jesuit,28
2021-10-08,Stockton,27,Diamond,14
2021-10-08,Northeast (Kansas City),28,East (Kansas City),0
2021-10-08,Nevada,46,East Newton,6
2021-10-08,Doniphan,32,East Prairie,12
2021-10-08,California,35,Eldon,28
2021-10-08,Oak Grove,54,Excelsior Springs,28
2021-10-08,Jackson,55,Farmington,0
2021-10-08,Hogan Prep Academy Charter,44,Father Tolton with Calvary Lutheran,8
2021-10-08,Harrisburg,26,Fayette,42
2021-10-08,Pacific,32,Festus,35
2021-10-08,Blue Springs South,21,Fort Osage,35
2021-10-08,Francis Howell,44,Francis Howell Central,0
2021-10-08,Liberty (Wentzville),20,Ft. Zumwalt East,8
2021-10-08,Ft. Zumwalt South,3,Ft. Zumwalt North,51
2021-10-08,Ruskin,6,Grandview,42
2021-10-08,Blair Oaks,51,Hallsville,56
2021-10-08,Kelly,10,Hayti,70
2021-10-08,Jefferson City,7,Helias Catholic,51
2021-10-08,St. Clair,31,Hermann,26
2021-10-08,Raymore-Peculiar,35,Hickman,3
2021-10-08,Palmyra,20,Highland,24
2021-10-08,Bolivar,48,Hillcrest,7
2021-10-08,DeSoto with Kingston,0,Hillsboro,47
2021-10-08,Richmond,38,Holden,2
2021-10-08,Troy Buchanan,24,Holt,28
2021-10-08,Grandview (Hillsboro),0,Jefferson (Festus),49
2021-10-08,Carthage,34,Joplin,22
2021-10-08,Raytown South,8,Kearney,49
2021-10-08,Dexter,6,Kennett,32
2021-10-08,Glendale,18,Kickapoo,14
2021-10-08,Mexico,14,Kirksville,28
2021-10-08,Marquette,34,Kirkwood,14
2021-10-08,Lafayette County,75,Knob Noster,6
2021-10-08,Lafayette (Wildwood),23,Ladue Horton Watkins,26
2021-10-08,Cameron,10,Lafayette (St. Joseph),32
2021-10-08,Lathrop,8,Lawson,0
2021-10-08,Camdenton,14,Lebanon,33
2021-10-08,Liberty North,38,Lee's Summit North,35
2021-10-08,Blue Springs,14,Lee's Summit West,31
2021-10-08,Carrollton,0,Lexington,42
2021-10-08,Hollister,25,Logan-Rogersville,42
2021-10-08,Bowling Green,56,Louisiana,0
2021-10-08,Portageville,30,Malden,24
2021-10-08,Salisbury,24,Marceline,49
2021-10-08,Montgomery County,8,Mark Twain,38
2021-10-08,Fulton,7,Marshall,30
2021-10-08,Lincoln College Prep,27,Maryville,26
2021-10-08,Reeds Spring,6,McDonald County,41
2021-10-08,Oakville,0,Mehlville,21
2021-10-08,East Buchanan,21,Mid-Buchanan,28
2021-10-08,South Harrison,7,Milan,28
2021-10-08,Scotland County,54,Miller,0
2021-10-08,Hannibal,48,Moberly,14
2021-10-08,Lamar,52,Monett,21
2021-10-08,Macon,38,Monroe City,58
2021-10-08,Springfield Catholic,14,Mt. Vernon,13
2021-10-08,Webb City,27,Nixa,41
2021-10-08,Wright City,27,North Callaway,44
2021-10-08,Park Hill South,7,North Kansas City,0
2021-10-08,West Platte,54,North Platte,14
2021-10-08,Staley,35,Oak Park,28
2021-10-08,Center,41,Odessa,42
2021-10-08,Neosho,14,Ozark,42
2021-10-08,Liberty,35,Park Hill,32
2021-10-08,Parkway North,41,Parkway Central,21
2021-10-08,Northwest (Cedar Hill),8,Parkway South,7
2021-10-08,Hazelwood East,12,Parkway West,31
2021-10-08,Eureka,57,Pattonville,21
2021-10-08,Plattsburg,14,Penney,57
2021-10-08,Winnetonka,0,Platte County,35
2021-10-08,Warrensburg,43,Pleasant Hill,49
2021-10-08,Polo,41,Princeton with Mercer,18
2021-10-08,Gallatin,38,Putnam County,6
2021-10-08,Smithville,34,Raytown,0
2021-10-08,Carl Junction,3,Republic,37
2021-10-08,Lindbergh,44,Ritenour,27
2021-10-08,Battle,26,Rock Bridge,14
2021-10-08,McCluer North,0,Rockwood Summit,63
2021-10-08,Waynesville,26,Rolla,67
2021-10-08,Mountain Grove,20,Salem,13
2021-10-08,Marionville,62,Sarcoxie,24
2021-10-08,Chillicothe,19,Savannah,13
2021-10-08,Cassville,0,Seneca,27
2021-10-08,El Dorado Springs,28,Sherwood,16
2021-10-08,Charleston,8,Sikeston,62
2021-10-08,Tipton,50,Slater,31
2021-10-08,Centralia,38,South Shelby,32
2021-10-08,Osage,29,Southern Boone,42
2021-10-08,Orchard Farm,6,St. Charles,13
2021-10-08,Potosi,28,St. Charles West,21
2021-10-08,St. Francis Borgia,14,St. Dominic,54
2021-10-08,St. Pius X (Festus),20,St. Vincent,14
2021-10-08,Perryville,7,Ste. Genevieve,61
2021-10-08,Forsyth,49,Strafford,25
2021-10-08,St. James,7,Sullivan,21
2021-10-08,Van Horn,28,Summit Christian Academy,32
2021-10-08,Westran,12,Sweet Springs with Malta Bend,14
2021-10-08,Ft. Zumwalt West,42,Timberland,49
2021-10-08,Belton,60,Truman,19
2021-10-08,Owensville,26,Union,28
2021-10-08,SLUH,55,Vianney,6
2021-10-08,Butler,28,Warsaw,22
2021-10-08,Francis Howell North,7,Washington,34
2021-10-08,Seckman,48,Webster Groves,21
2021-10-08,Midway,14,Wellington-Napoleon,34
2021-10-08,Parkview,12,West Plains,57
2021-10-08,Branson,31,Willard,7
2021-10-08,Grain Valley,45,William Chrisman,7
2021-10-08,Houston,6,Willow Springs,28
2021-10-08,North County,47,Windsor (Imperial),0
2021-10-09,Roosevelt,20,Carnahan,58
2021-10-09,Riverview Gardens,0,Hazelwood Central,60
2021-10-09,Fox,69,Hazelwood West,38
2021-10-09,Jennings,28,McCluer,52
2021-10-09,Lutheran South,7,MICDS,44
2021-10-09,Clayton,21,Normandy Collaborative,36
2021-10-09,Lift for Life Academy Charter,30,Priory,28
2021-10-09,Cardinal Ritter,0,St. Mary's South Side,42
2021-10-09,Central (Kansas City),0,University Academy Charter,44
2021-10-09,John Burroughs,7,Westminster Christian Academy,34
2021-10-11,Brentwood,38,University City,34
2021-10-14,Jackson,28,Cardinal Ritter,8
2021-10-14,Affton,6,Jennings,74
2021-10-14,Pembroke Hill,46,Northeast (Kansas City),7
2021-10-14,Lafayette (Wildwood),35,Parkway Central,0
2021-10-14,Parkway South,6,Parkway North,33
2021-10-14,Webster Groves,0,Parkway West,43
2021-10-14,Priory,35,Principia,0
2021-10-14,Tipton,0,Windsor,45
2021-10-15,Midway,12,Adrian,41
2021-10-15,Cabool,9,Ava,48
2021-10-15,Jefferson City,55,Battle,52
2021-10-15,Southern Boone,34,Blair Oaks,71
2021-10-15,Blue Springs South,35,Blue Springs,49
2021-10-15,Joplin,21,Branson,16
2021-10-15,Roosevelt,6,Brentwood,48
2021-10-15,Highland,24,Brookfield,18
2021-10-15,Benton,14,Cameron,20
2021-10-15,Nixa,49,Carl Junction,21
2021-10-15,Holden,58,Carrollton,0
2021-10-15,Republic,14,Carthage,35
2021-10-15,East Prairie,0,Caruthersville,42
2021-10-15,East Newton,6,Cassville,42
2021-10-15,Pleasant Hill,17,Center,28
2021-10-15,Sikeston,0,Central (New Madrid County),44
2021-10-15,University City,26,Central (Park Hills),69
2021-10-15,Buffalo,43,Central (Springfield),31
2021-10-15,Lift for Life Academy Charter,12,Chaminade College Prep,42
2021-10-15,Scott City,41,Charleston,0
2021-10-15,John Burroughs,38,Clayton,20
2021-10-15,Slater,14,Cole Camp,40
2021-10-15,Missouri Military Academy,0,Crystal City,52
2021-10-15,SLUH,21,De Smet Jesuit,48
2021-10-15,Ste. Genevieve,55,DeSoto with Kingston,15
2021-10-15,Sarcoxie,14,Diamond,28
2021-10-15,Fredericktown,34,Doniphan,28
2021-10-15,Chillicothe,62,East (Kansas City),0
2021-10-15,Lawson,18,East Buchanan,41
2021-10-15,Butler,28,El Dorado Springs,0
2021-10-15,Boonville,50,Eldon,22
2021-10-15,Mehlville,0,Eureka,40
2021-10-15,Clever,7,Fair Grove,55
2021-10-15,Cuba,20,Father Tolton with Calvary Lutheran,33
2021-10-15,Farmington,28,Festus,20
2021-10-15,Holt,54,Francis Howell Central,6
2021-10-15,Washington,47,Ft. Zumwalt East,18
2021-10-15,Francis Howell North,44,Ft. Zumwalt South,21
2021-10-15,Kirksville,20,Fulton,0
2021-10-15,Trenton,6,Gallatin,37
2021-10-15,Camdenton,26,Glendale,25
2021-10-15,Raytown,14,Grain Valley,21
2021-10-15,Kearney,53,Grandview,21
2021-10-15,St. Vincent,25,Grandview (Hillsboro),47
2021-10-15,California,6,Hallsville,46
2021-10-15,Marshall,0,Hannibal,55
2021-10-15,Scotland County,30,Harrisburg,34
2021-10-15,Malden,6,Hayti,72
2021-10-15,Rock Bridge,28,Hickman,7
2021-10-15,Mt. Vernon,0,Hollister,38
2021-10-15,Chaffee,0,Jefferson (Festus),54
2021-10-15,Bolivar,7,Kickapoo,21
2021-10-15,Riverview Gardens,0,Ladue Horton Watkins,58
2021-10-15,St. Pius X (Kansas City),40,Lafayette (St. Joseph),7
2021-10-15,Lexington,0,Lafayette County,69
2021-10-15,Seneca,0,Lamar,41
2021-10-15,North Platte,7,Lathrop,49
2021-10-15,Park Hill,0,Lee's Summit North,38
2021-10-15,Salem,8,Liberty (Mountain View),48
2021-10-15,Ft. Zumwalt North,45,Liberty (Wentzville),14
2021-10-15,Lee's Summit West,14,Liberty North,38
2021-10-15,Central (Kansas City),6,Lincoln College Prep,46
2021-10-15,Crest Ridge with Chilhowee,66,Lone Jack with Kingsville,21
2021-10-15,Lutheran St. Charles,67,Lutheran South,0
2021-10-15,Centralia,22,Macon,28
2021-10-15,Ash Grove,8,Marionville,48
2021-10-15,North Callaway,8,Mark Twain,22
2021-10-15,Oakville,0,Marquette,51
2021-10-15,Logan-Rogersville,57,Marshfield,28
2021-10-15,Savannah,0,Maryville,42
2021-10-15,Moberly,14,Mexico,41
2021-10-15,Pierce City,20,Miller,34
2021-10-15,Springfield Catholic,17,Monett,24
2021-10-15,Clark County,16,Monroe City,58
2021-10-15,Van-Far with Community,8,Montgomery County,38
2021-10-15,Willard,14,Neosho,21
2021-10-15,McDonald County,39,Nevada,34
2021-10-15,Oak Park,21,North Kansas City,9
2021-10-15,Ritenour,20,Northwest (Cedar Hill),29
2021-10-15,Harrisonville,12,Oak Grove,8
2021-10-15,Excelsior Springs,36,Odessa,20
2021-10-15,Warrenton,18,Orchard Farm,56
2021-10-15,Sullivan,6,Owensville,35
2021-10-15,Hermann,43,Pacific,49
2021-10-15,South Shelby,8,Palmyra,27
2021-10-15,Lee's Summit,27,Park Hill South,34
2021-10-15,Hillcrest,21,Parkview,20
2021-10-15,Webster Groves,0,Parkway West,43
2021-10-15,Mid-Buchanan,56,Plattsburg,7
2021-10-15,Milan,17,Polo,8
2021-10-15,Kennett,15,Poplar Bluff,41
2021-10-15,Kelly,2,Portageville,28
2021-10-15,North County,27,Potosi,7
2021-10-15,Liberty,17,Raymore-Peculiar,49
2021-10-15,Platte County,44,Raytown South,8
2021-10-15,Aurora,28,Reeds Spring,14
2021-10-15,Knob Noster,24,Richmond,69
2021-10-15,Christian Brothers College,41,Rockhurst,10
2021-10-15,Pattonville,7,Rockwood Summit,27
2021-10-15,Lebanon,20,Rolla,28
2021-10-15,Fayette,44,Salisbury,12
2021-10-15,Fox,13,Seckman,20
2021-10-15,Sarcoxie,7,Sherwood,28
2021-10-15,Warsaw,30,Skyline,29
2021-10-15,Helias Catholic,35,Smith-Cotton,3
2021-10-15,Bowling Green,62,South Callaway,14
2021-10-15,Princeton with Mercer,0,South Harrison,48
2021-10-15,St. Charles West,33,St. Charles,22
2021-10-15,Central (Cape Girardeau),13,St. Clair,26
2021-10-15,Hillsboro,50,St. Francis Borgia,0
2021-10-15,Union,30,St. James,23
2021-10-15,Hogan Prep Academy Charter,16,St. Michael the Archangel,41
2021-10-15,Bayless,14,St. Pius X (Festus),37
2021-10-15,Central (St. Joseph),6,Staley,54
2021-10-15,Strafford,27,Stockton,6
2021-10-15,Francis Howell,56,Timberland,38
2021-10-15,Fort Osage,51,Truman,0
2021-10-15,Westminster Christian Academy,14,Valle Catholic,51
2021-10-15,Osage,34,Versailles,24
2021-10-15,Summit Christian Academy,21,Warrensburg,20
2021-10-15,West Plains,56,Waynesville,0
2021-10-15,Ozark,48,Webb City,63
2021-10-15,Penney,29,West Platte,38
2021-10-15,Marceline,28,Westran,12
2021-10-15,Belton,42,William Chrisman,28
2021-10-15,Thayer,37,Willow Springs,0
2021-10-15,Sweet Springs with Malta Bend,33,Windsor (Imperial),13
2021-10-15,Capital City,20,Winnetonka,47
2021-10-15,Louisiana,26,Wright City,15
2021-10-16,Troy Buchanan,56,Ft. Zumwalt West,21
2021-10-16,Vashon,27,Gateway,0
2021-10-16,Lindbergh,21,Hazelwood Central,14
2021-10-16,Hazelwood West,6,Hazelwood East,20
2021-10-16,Kirkwood,55,McCluer North,0
2021-10-16,St. Dominic,13,MICDS,47
2021-10-16,McCluer,52,Normandy Collaborative,14
2021-10-16,Dexter,72,Perryville,26
2021-10-16,Van Horn,14,University Academy Charter,30
2021-10-21,Park Hill South,51,Central (St. Joseph),27
2021-10-21,Central (New Madrid County),64,Charleston,8
2021-10-21,Sullivan,0,North County,37
2021-10-21,Doniphan,6,Scott City,42
2021-10-21,Pierce City,0,Stockton,42
2021-10-21,Skyline,27,Strafford,6
2021-10-21,Francis Howell Central,21,Washington,35
2021-10-21,Ava,51,Willow Springs,14
2021-10-22,University City,72,Affton,13
2021-10-22,Sarcoxie,32,Ash Grove,52
2021-10-22,Hannibal,42,Battle,26
2021-10-22,Grain Valley,34,Belton,26
2021-10-22,Liberty North,27,Blue Springs South,0
2021-10-22,West Plains,56,Bolivar,7
2021-10-22,Hallsville,36,Boonville,30
2021-10-22,Cardinal Ritter,20,Bowling Green,24
2021-10-22,Lone Jack with Kingsville,6,Butler,53
2021-10-22,Salem,30,Cabool,26
2021-10-22,Southern Boone,39,California,66
2021-10-22,Rolla,36,Camdenton,14
2021-10-22,Marshall,30,Cameron,0
2021-10-22,Hayti,60,Caruthersville,8
2021-10-22,Forsyth,15,Central (Springfield),34
2021-10-22,Palmyra,0,Centralia,12
2021-10-22,Grandview (Hillsboro),41,Chaffee,26
2021-10-22,Benton,21,Chillicothe,50
2021-10-22,Macon,54,Clark County,30
2021-10-22,Jennings,40,Clayton,13
2021-10-22,Principia,6,Cuba,56
2021-10-22,Orchard Farm,7,Duchesne,33
2021-10-22,University Academy Charter,49,East (Kansas City),0
2021-10-22,Lamar,48,East Newton,0
2021-10-22,Kirkwood,30,Eureka,29
2021-10-22,El Dorado Springs,6,Fair Grove,54
2021-10-22,Central (Park Hills),49,Farmington,14
2021-10-22,Father Tolton with Calvary Lutheran,24,Fayette,66
2021-10-22,St. Charles West,7,Festus,49
2021-10-22,William Chrisman,14,Fort Osage,49
2021-10-22,Ladue Horton Watkins,40,Fox,7
2021-10-22,Central (Cape Girardeau),33,Francis Howell North,29
2021-10-22,East Prairie,14,Fredericktown,50
2021-10-22,Timberland,35,Ft. Zumwalt South,28
2021-10-22,Jefferson City,50,Ft. Zumwalt West,37
2021-10-22,Waynesville,20,Glendale,57
2021-10-22,Marceline,30,Harrisburg,16
2021-10-22,Odessa,55,Harrisonville,14
2021-10-22,Perryville,10,Herculaneum,24
2021-10-22,Monroe City,54,Highland,22
2021-10-22,Kickapoo,35,Hillcrest,6
2021-10-22,Knob Noster,6,Holden,34
2021-10-22,Liberty (Wentzville),7,Holt,49
2021-10-22,Neosho,0,Joplin,63
2021-10-22,Bayless,6,Kelly,13
2021-10-22,Capital City,6,Kirksville,28
2021-10-22,Carrollton,0,Lafayette County,71
2021-10-22,Plattsburg,7,Lathrop,51
2021-10-22,Penney,41,Lawson,0
2021-10-22,Parkview,22,Lebanon,55
2021-10-22,Staley,28,Lee's Summit,56
2021-10-22,Lee's Summit North,38,Lee's Summit West,6
2021-10-22,North Kansas City,14,Liberty,20
2021-10-22,Houston,14,Liberty (Mountain View),43
2021-10-22,Cole Camp,14,Lincoln,32
2021-10-22,Center,14,Lincoln College Prep,29
2021-10-22,Hazelwood West,14,Lindbergh,56
2021-10-22,Reeds Spring,7,Logan-Rogersville,45
2021-10-22,Mark Twain,40,Louisiana,13
2021-10-22,Windsor (Imperial),18,Lutheran South,19
2021-10-22,Miller,8,Marionville,64
2021-10-22,Lafayette (St. Joseph),6,Maryville,36
2021-10-22,Cassville,0,McDonald County,20
2021-10-22,Sherwood,20,Midway,53
2021-10-22,Salisbury,50,Missouri Military Academy,0
2021-10-22,Thayer,14,Mountain Grove,21
2021-10-22,Marshfield,26,Mt. Vernon,14
2021-10-22,Aurora,16,Nevada,41
2021-10-22,Carthage,49,Nixa,14
2021-10-22,Montgomery County,32,North Callaway,16
2021-10-22,East Buchanan,57,North Platte,8
2021-10-22,Warrensburg,28,Oak Grove,35
2021-10-22,Grandview,21,Oak Park,35
2021-10-22,Northwest (Cedar Hill),35,Oakville,9
2021-10-22,Blair Oaks,71,Osage,43
2021-10-22,St. Clair,44,Owensville,48
2021-10-22,Carl Junction,16,Ozark,38
2021-10-22,Raymore-Peculiar,43,Park Hill,40
2021-10-22,Parkway West,36,Parkway North,15
2021-10-22,Seckman,42,Parkway South,7
2021-10-22,Hazelwood East,12,Pattonville,27
2021-10-22,Excelsior Springs,41,Pleasant Hill,40
2021-10-22,Hillsboro,45,Poplar Bluff,19
2021-10-22,Crystal City,22,Portageville,52
2021-10-22,DeSoto with Kingston,0,Potosi,48
2021-10-22,Gallatin,48,Princeton with Mercer,8
2021-10-22,Polo,16,Putnam County,20
2021-10-22,Truman,7,Raytown,56
2021-10-22,Branson,3,Republic,42
2021-10-22,Lexington,8,Richmond,41
2021-10-22,Lafayette (Wildwood),35,Ritenour,6
2021-10-22,Francis Howell,33,Rock Bridge,0
2021-10-22,Blue Springs,3,Rockhurst,10
2021-10-22,Riverview Gardens,0,Rockwood Summit,57
2021-10-22,Raytown South,24,Ruskin,26
2021-10-22,Van-Far with Community,24,Scotland County,58
2021-10-22,Monett,21,Seneca,26
2021-10-22,Kennett,56,Sikeston,5
2021-10-22,Diamond,48,Slater,26
2021-10-22,Wright City,8,South Callaway,27
2021-10-22,Trenton,24,South Harrison,25
2021-10-22,Brookfield,14,South Shelby,28
2021-10-22,Hollister,48,Springfield Catholic,0
2021-10-22,Ft. Zumwalt East,50,St. Charles,29
2021-10-22,Westminster Christian Academy,7,St. Dominic,21
2021-10-22,Carnahan,12,St. Francis Borgia,34
2021-10-22,Pacific,46,St. James,40
2021-10-22,Windsor,30,St. Michael the Archangel,21
2021-10-22,Savannah,0,St. Pius X (Kansas City),35
2021-10-22,Jefferson (Festus),20,St. Vincent,14
2021-10-22,Brentwood,14,Ste. Genevieve,55
2021-10-22,Central (Kansas City),0,Summit Christian Academy,63
2021-10-22,Fulton,7,Sweet Springs with Malta Bend,37
2021-10-22,Crest Ridge with Chilhowee,20,Tipton,45
2021-10-22,Moberly,14,Troy Buchanan,48
2021-10-22,Hermann,21,Union,26
2021-10-22,St. Pius X (Festus),0,Valle Catholic,63
2021-10-22,Pembroke Hill,19,Van Horn,47
2021-10-22,Eldon,42,Versailles,41
2021-10-22,Helias Catholic,47,Vianney,9
2021-10-22,Mexico,60,Warrenton,14
2021-10-22,Buffalo,14,Warsaw,19
2021-10-22,Mehlville,27,Webster Groves,0
2021-10-22,Adrian,41,Wellington-Napoleon,15
2021-10-22,Mid-Buchanan,28,West Platte,12
2021-10-22,Webb City,55,Willard,0
2021-10-22,Smithville,42,Winnetonka,7
2021-10-23,Marquette,35,Hazelwood Central,26
2021-10-23,Smith-Cotton,20,Hogan Prep Academy Charter,14
2021-10-23,St. Mary's South Side,52,John Burroughs,7
2021-10-23,SLUH,76,McCluer,36
2021-10-23,Parkway Central,28,McCluer North,14
2021-10-23,Chaminade College Prep,34,MICDS,56
2021-10-23,Lutheran St. Charles,72,Priory,34
2021-10-23,De Smet Jesuit,42,Vashon,7
2021-10-29,Chaffee,8,Hayti,68
2021-10-29,Caruthersville,26,Portageville,20
2021-10-29,Charleston,8,St. Vincent,43
2021-10-29,Malden,6,Scott City,48
2021-10-29,Van-Far with Community,16,Monroe City,70
2021-10-29,Louisiana,36,Brentwood,38
2021-10-29,Crystal City,0,St. Pius X (Festus),35
2021-10-29,Slater,24,Fayette,66
2021-10-29,Father Tolton with Calvary Lutheran,16,Harrisburg,28
2021-10-29,Sarcoxie,29,Sweet Springs with Malta Bend,55
2021-10-29,Tipton,14,South Callaway,38
2021-10-29,South Shelby,32,Scotland County,26
2021-10-29,Salisbury,12,Westran,29
2021-10-29,Pierce City,6,Marionville,44
2021-10-29,Sarcoxie,28,Diamond,13
2021-10-29,Miller,0,Thayer,64
2021-10-29,Cabool,22,Ash Grove,26
2021-10-29,Crest Ridge with Chilhowee,6,Skyline,40
2021-10-29,Cole Camp,14,Lincoln,22
2021-10-29,Sherwood,6,Windsor,50
2021-10-29,Midway,0,Adrian,44
2021-10-29,Princeton with Mercer,6,Penney,48
2021-10-29,Polo,6,South Harrison,7
2021-10-29,Putnam County,16,Gallatin,48
2021-10-29,Wellington-Napoleon,0,West Platte,39
2021-10-29,Plattsburg,6,Mid-Buchanan,56
2021-10-29,Carrollton,0,East Buchanan,42
2021-10-29,Mark Twain,13,Principia,0
2021-10-29,Kelly,22,Jefferson (Festus),21
2021-10-29,St. Francis Borgia,6,Hermann,27
2021-10-29,Cuba,14,Grandview (Hillsboro),28
2021-10-29,Versailles,0,Holden,14
2021-10-29,Lone Jack with Kingsville,0,Lafayette County,71
2021-10-29,Knob Noster,0,Warsaw,52
2021-10-29,Centralia,26,Montgomery County,8
2021-10-29,Missouri Military Academy,0,Bowling Green,70
2021-10-29,North Callaway,8,California,35
2021-10-29,Springfield Catholic,0,Strafford,7
2021-10-29,Houston,34,Forsyth,41
2021-10-29,Willow Springs,7,Liberty (Mountain View),44
2021-10-29,El Dorado Springs,6,East Newton,41
2021-10-29,Clever,0,Fair Grove,48
2021-10-29,Mt. Vernon,11,Stockton,0
2021-10-29,Trenton,28,Brookfield,6
2021-10-29,Clark County,6,Macon,42
2021-10-29,Lawson,36,Pembroke Hill,35
2021-10-29,Lexington,20,St. Michael the Archangel,45
2021-10-29,Lift for Life Academy Charter,13,East Prairie,0
2021-10-29,Fredericktown,7,Potosi,21
2021-10-29,Doniphan,6,Dexter,53
2021-10-29,Roosevelt,12,Herculaneum,30
2021-10-29,Bayless,8,Ste. Genevieve,56
2021-10-29,Southern Boone,13,Eldon,36
2021-10-29,Fulton,20,Boonville,40
2021-10-29,Osage,0,Blair Oaks,53
2021-10-29,Buffalo,16,Seneca,40
2021-10-29,Reeds Spring,20,Hollister,12
2021-10-29,Cassville,7,Mountain Grove,21
2021-10-29,Westminster Christian Academy,14,Sullivan,21
2021-10-29,St. James,13,St. Clair,12
2021-10-29,Pleasant Hill,55,Oak Grove,36
2021-10-29,Northeast (Kansas City),26,Cameron,48
2021-10-29,Central (Kansas City),0,Chillicothe,55
2021-10-29,Benton,13,Savannah,31
2021-10-29,Cardinal Ritter,13,Wright City,0
2021-10-29,Sikeston,6,Festus,48
2021-10-29,DeSoto with Kingston,14,North County,55
2021-10-29,Perryville,0,Farmington,49
2021-10-29,Windsor (Imperial),16,Gateway,30
2021-10-29,Affton,0,Pacific,81
2021-10-29,Moberly,33,Warrenton,44
2021-10-29,Marshall,12,Kirksville,35
2021-10-29,Marshfield,18,Logan-Rogersville,28
2021-10-29,Monett,0,McDonald County,35
2021-10-29,Hillcrest,24,Carl Junction,14
2021-10-29,Clayton,7,Parkway North,49
2021-10-29,Riverview Gardens,6,St. Dominic,63
2021-10-29,McCluer North,0,Jennings,38
2021-10-29,Harrisonville,51,Grandview,15
2021-10-29,East (Kansas City),6,Nevada,64
2021-10-29,Warrensburg,14,Bolivar,31
2021-10-29,Winnetonka,13,Kearney,35
2021-10-29,Van Horn,15,Excelsior Springs,30
2021-10-29,Hazelwood East,13,St. Charles,0
2021-10-29,Mehlville,38,Fox,12
2021-10-29,Central (Cape Girardeau),0,Seckman,25
2021-10-29,Oakville,7,Poplar Bluff,42
2021-10-29,Lafayette (Wildwood),21,Parkway West,14
2021-10-29,Webster Groves,7,Eureka,44
2021-10-29,Parkway South,13,Ladue Horton Watkins,42
2021-10-29,Central (Springfield),18,Camdenton,34
2021-10-29,Waynesville,26,Glendale,61
2021-10-29,Branson,0,Rolla,28
2021-10-29,Willard,56,Neosho,35
2021-10-29,Parkview,0,Republic,54
2021-10-29,Ft. Zumwalt East,48,Francis Howell Central,39
2021-10-29,Ritenour,14,Chaminade College Prep,42
2021-10-29,Francis Howell North,7,Ft. Zumwalt South,21
2021-10-29,Liberty (Wentzville),13,Battle,48
2021-10-29,Capital City,8,Washington,35
2021-10-29,Smith-Cotton,35,Ruskin,12
2021-10-29,Truman,0,Raytown,42
2021-10-29,Raytown South,28,Belton,47
2021-10-29,Oak Park,14,Staley,35
2021-10-29,Central (St. Joseph),17,Platte County,38
2021-10-29,William Chrisman,20,North Kansas City,49
2021-10-29,Vianney,0,Christian Brothers College,65
2021-10-29,Kirkwood,7,De Smet Jesuit,35
2021-10-29,Northwest (Cedar Hill),0,Marquette,42
2021-10-29,SLUH,28,Lindbergh,0
2021-10-29,Ozark,14,Lee's Summit North,56
2021-10-29,Kickapoo,7,Raymore-Peculiar,23
2021-10-29,Lee's Summit,21,Joplin,24
2021-10-29,Lee's Summit West,0,Nixa,28
2021-10-29,Hazelwood West,0,Francis Howell,49
2021-10-29,Pattonville,13,Timberland,50
2021-10-29,Ft. Zumwalt West,21,Troy Buchanan,54
2021-10-29,Hickman,14,Hazelwood Central,37
2021-10-29,Blue Springs South,6,Park Hill South,28
2021-10-29,Blue Springs,31,Liberty North,34
2021-10-29,Rock Bridge,0,Liberty,48
2021-10-30,North Platte,0,University Academy Charter,57
2021-10-30,Lutheran South,20,Carnahan,36
2021-10-30,Lathrop,24,Hogan Prep Academy Charter,6
2021-10-30,St. Charles West,30,Normandy Collaborative,20
2021-10-30,Salem,32,Priory,34
2021-10-30,Parkway Central,6,University City,36
2021-10-30,Rockhurst,13,Park Hill,21
2021-11-05,Caruthersville,13,Hayti,52
2021-11-05,Scott City,49,St. Vincent,35
2021-11-05,Brentwood,0,Monroe City,46
2021-11-05,St. Pius X (Festus),0,Mark Twain,20
2021-11-05,Harrisburg,42,Fayette,52
2021-11-05,South Callaway,19,Sweet Springs with Malta Bend,22
2021-11-05,South Shelby,14,Marceline,42
2021-11-05,Westran,0,Highland,38
2021-11-05,Sarcoxie,24,Marionville,52
2021-11-05,Ash Grove,12,Thayer,49
2021-11-05,Lincoln,12,Skyline,50
2021-11-05,Adrian,12,Windsor,36
2021-11-05,South Harrison,6,Penney,35
2021-11-05,Milan,14,Gallatin,34
2021-11-05,East Buchanan,35,Mid-Buchanan,21
2021-11-05,Kelly,3,Central (New Madrid County),46
2021-11-05,Hermann,0,Lutheran St. Charles,61
2021-11-05,Grandview (Hillsboro),0,Duchesne,48
2021-11-05,Holden,8,Butler,16
2021-11-05,Warsaw,28,Lafayette County,42
2021-11-05,Centralia,36,Hallsville,38
2021-11-05,California,14,Bowling Green,65
2021-11-05,Strafford,7,Ava,49
2021-11-05,Liberty (Mountain View),46,Forsyth,21
2021-11-05,East Newton,6,Lamar,48
2021-11-05,Mt. Vernon,0,Fair Grove,47
2021-11-05,Trenton,3,Maryville,51
2021-11-05,Macon,34,Palmyra,7
2021-11-05,Lathrop,8,Richmond,35
2021-11-05,St. Michael the Archangel,48,Lawson,7
2021-11-05,Potosi,21,Central (Park Hills),47
2021-11-05,Dexter,9,Kennett,45
2021-11-05,Herculaneum,6,St. Mary's South Side,55
2021-11-05,Ste. Genevieve,35,Valle Catholic,69
2021-11-05,Eldon,19,Mexico,50
2021-11-05,Blair Oaks,64,Boonville,38
2021-11-05,Seneca,13,Aurora,12
2021-11-05,Mountain Grove,28,Reeds Spring,12
2021-11-05,Orchard Farm,3,Lutheran North,52
2021-11-05,St. Charles West,0,Cardinal Ritter,60
2021-11-05,Sullivan,28,Owensville,35
2021-11-05,Pleasant Hill,49,Odessa,48
2021-11-05,Summit Christian Academy,23,Center,18
2021-11-05,Cameron,0,St. Pius X (Kansas City),47
2021-11-05,Savannah,0,Chillicothe,42
2021-11-05,Festus,7,Hillsboro,13
2021-11-05,Farmington,20,North County,56
2021-11-05,Gateway,8,Vashon,49
2021-11-05,Pacific,8,Union,56
2021-11-05,Warrenton,6,Hannibal,76
2021-11-05,Kirksville,19,Jefferson City,61
2021-11-05,Logan-Rogersville,0,West Plains,52
2021-11-05,Hillcrest,21,McDonald County,48
2021-11-05,University City,6,Parkway North,41
2021-11-05,Jennings,22,Hazelwood East,27
2021-11-05,Harrisonville,14,Lincoln College Prep,41
2021-11-05,Bolivar,38,Nevada,40
2021-11-05,Kearney,8,Smithville,45
2021-11-05,Excelsior Springs,54,Lafayette (St. Joseph),20
2021-11-05,Mehlville,7,Jackson,59
2021-11-05,Poplar Bluff,34,Seckman,35
2021-11-05,Lafayette (Wildwood),0,Rockwood Summit,27
2021-11-05,Ladue Horton Watkins,17,Eureka,28
2021-11-05,Camdenton,14,Lebanon,35
2021-11-05,Rolla,28,Glendale,34
2021-11-05,Willard,20,Carthage,42
2021-11-05,Republic,7,Webb City,35
2021-11-05,Ft. Zumwalt East,8,Ft. Zumwalt North,50
2021-11-05,Ft. Zumwalt South,12,Chaminade College Prep,42
2021-11-05,Battle,12,Holt,48
2021-11-05,Washington,6,Helias Catholic,49
2021-11-05,Smith-Cotton,3,Grain Valley,47
2021-11-05,Belton,23,Raytown,52
2021-11-05,Staley,14,Fort Osage,17
2021-11-05,North Kansas City,6,Platte County,21
2021-11-05,De Smet Jesuit,7,Christian Brothers College,42
2021-11-05,SLUH,35,Marquette,28
2021-11-05,Raymore-Peculiar,14,Lee's Summit North,21
2021-11-05,Nixa,13,Joplin,24
2021-11-05,Timberland,32,Francis Howell,63
2021-11-05,Hazelwood Central,22,Troy Buchanan,34
2021-11-05,Park Hill,7,Park Hill South,35
2021-11-05,Liberty,14,Liberty North,31
2021-11-06,West Platte,9,University Academy Charter,32
2021-11-06,Carnahan,12,Lift for Life Academy Charter,54
2021-11-06,Priory,52,St. James,14
2021-11-06,St. Dominic,43,McCluer,36
2021-11-12,Scott City,15,Hayti,48
2021-11-12,Mark Twain,0,Monroe City,52
2021-11-12,Sweet Springs with Malta Bend,6,Fayette,46
2021-11-12,Highland,30,Marceline,36
2021-11-12,Thayer,24,Marionville,0
2021-11-12,Windsor,22,Skyline,15
2021-11-12,Gallatin,8,Penney,42
2021-11-12,Lift for Life Academy Charter,58,Central (New Madrid County),34
2021-11-12,Duchesne,0,Lutheran St. Charles,42
2021-11-12,Lafayette County,48,Butler,0
2021-11-12,Bowling Green,42,Hallsville,30
2021-11-12,Liberty (Mountain View),6,Ava,48
2021-11-12,Fair Grove,7,Lamar,35
2021-11-12,Macon,6,Maryville,33
2021-11-12,St. Michael the Archangel,14,Richmond,70
2021-11-12,Kennett,14,Central (Park Hills),51
2021-11-12,Valle Catholic,7,St. Mary's South Side,55
2021-11-12,Blair Oaks,14,Mexico,49
2021-11-12,Mountain Grove,18,Seneca,24
2021-11-12,Cardinal Ritter,20,Lutheran North,18
2021-11-12,Priory,26,Owensville,40
2021-11-12,Summit Christian Academy,29,Pleasant Hill,33
2021-11-12,Chillicothe,6,St. Pius X (Kansas City),31
2021-11-12,North County,24,Hillsboro,0
2021-11-12,Union,22,Vashon,28
2021-11-12,Jefferson City,0,Hannibal,47
2021-11-12,McDonald County,7,West Plains,42
2021-11-12,Hazelwood East,21,St. Dominic,42
2021-11-12,Nevada,18,Lincoln College Prep,41
2021-11-12,Excelsior Springs,10,Smithville,52
2021-11-12,Seckman,14,Jackson,52
2021-11-12,Eureka,13,Rockwood Summit,23
2021-11-12,Glendale,26,Lebanon,56
2021-11-12,Webb City,28,Carthage,21
2021-11-12,Chaminade College Prep,55,Ft. Zumwalt North,20
2021-11-12,Helias Catholic,6,Holt,34
2021-11-12,Raytown,37,Grain Valley,38
2021-11-12,Platte County,20,Fort Osage,22
2021-11-12,SLUH,21,Christian Brothers College,42
2021-11-12,Joplin,0,Lee's Summit North,21
2021-11-12,Troy Buchanan,23,Francis Howell,21
2021-11-12,Liberty North,34,Park Hill South,14
2021-11-13,East Buchanan,38,University Academy Charter,12
2021-11-13,Parkway North,6,MICDS,42
2021-11-19,Lutheran St. Charles,49,Lift for Life Academy Charter,36
2021-11-19,St. Mary's South Side,44,Central (Park Hills),7
2021-11-19,St. Pius X (Kansas City),42,Pleasant Hill,13
2021-11-19,West Plains,26,Hannibal,35
2021-11-19,Smithville,29,Lincoln College Prep,14
2021-11-19,Rockwood Summit,14,Jackson,49
2021-11-19,Webb City,35,Lebanon,13
2021-11-19,Holt,31,Chaminade College Prep,28
2021-11-19,Fort Osage,35,Grain Valley,0
2021-11-19,Lee's Summit North,21,Christian Brothers College,28
2021-11-20,Monroe City,22,Hayti,26
2021-11-20,Marceline,21,Fayette,20
2021-11-20,Windsor,22,Thayer,30
2021-11-20,East Buchanan,22,Penney,12
2021-11-20,Bowling Green,32,Lafayette County,52
2021-11-20,Lamar,35,Ava,14
2021-11-20,Richmond,49,Maryville,23
2021-11-20,Seneca,7,Mexico,20
2021-11-20,Owensville,6,Cardinal Ritter,48
2021-11-20,Vashon,24,North County,49
2021-11-20,St. Dominic,20,MICDS,22
2021-11-20,Liberty North,35,Troy Buchanan,21
2021-11-25,Webster Groves,0,Kirkwood,65
2021-11-26,Smithville,40,MICDS,36
2021-11-26,Fort Osage,14,Holt,31
2021-11-27,Marceline,31,Hayti,30
2021-11-27,East Buchanan,34,Thayer,6
2021-11-27,Lafayette County,14,Lutheran St. Charles,54
2021-11-27,Richmond,20,Lamar,21
2021-11-27,Mexico,16,St. Mary's South Side,62
2021-11-27,St. Pius X (Kansas City),21,Cardinal Ritter,20
2021-11-27,Hannibal,42,North County,26
2021-11-27,Webb City,35,Jackson,21
2021-11-27,Liberty North,21,Christian Brothers College,48
2021-12-03,Lamar,27,Lutheran St. Charles,33
2021-12-03,Smithville,31,Hannibal,0
2021-12-03,Holt,21,Webb City,26
2021-12-04,East Buchanan,21,Marceline,7
2021-12-04,St. Pius X (Kansas City),0,St. Mary's South Side,56
